number,floor,number of beds,room type,number of patients
0,10,4,8,4
1,9,5,7,2
2,8,2,6,2
3,2,4,2,4
4,1,1,6,1
5,5,1,6,1
6,7,4,10,4
7,10,1,4,1
8,9,1,6,1
9,4,1,4,1
10,9,6,10,3
11,6,4,10,0
12,3,3,3,2
13,10,3,10,3
14,7,4,9,4
15,10,3,0,2
16,3,5,8,5
17,1,3,4,0
18,3,5,1,5
19,3,3,0,0
20,10,4,4,3
21,9,6,0,4
22,10,5,9,0
23,8,1,2,1
24,1,2,10,0
25,6,1,5,1
26,10,6,5,3
27,5,5,5,1
28,3,6,6,5
29,6,3,9,2
30,6,3,4,1
31,4,6,4,5
32,3,6,4,6
33,6,3,0,1
34,2,3,2,2
35,3,3,10,2
36,6,1,4,0
37,3,4,4,0
38,6,5,8,5
39,5,2,0,1
40,7,4,3,2
41,3,2,3,1
42,7,2,0,1
43,3,1,10,1
44,1,5,7,5
45,1,2,7,2
46,5,6,8,6
47,2,5,7,0
48,1,1,10,0
49,1,1,7,0
50,4,6,2,5
51,6,2,9,2
52,4,3,0,3
53,2,5,10,4
54,5,3,10,2
55,8,2,8,1
56,1,5,3,1
57,10,6,8,0
58,1,6,4,3
59,2,5,8,4
60,3,3,6,0
61,6,4,4,2
62,3,1,1,0
63,3,6,4,1
64,2,5,2,5
65,7,2,7,0
66,6,5,8,1
67,6,5,4,0
68,7,4,8,2
69,9,3,4,1
70,8,1,8,0
71,6,4,10,0
72,1,1,9,0
73,5,2,9,1
74,5,4,2,1
75,1,6,1,0
76,8,3,10,1
77,3,3,7,3
78,4,6,6,1
79,2,2,1,0
80,2,6,0,4
81,3,1,8,1
82,4,6,4,1
83,3,1,4,1
84,10,2,3,0
85,8,2,3,2
86,2,2,10,0
87,9,5,4,4
88,4,2,2,2
89,5,5,7,3
90,9,1,6,1
91,1,6,9,5
92,4,2,10,1
93,9,5,2,4
94,2,6,8,0
95,5,2,2,2
96,4,4,8,3
97,7,3,0,3
98,8,1,8,1
99,9,5,7,1
100,4,5,9,0
101,3,3,1,0
102,4,3,1,3
103,8,2,3,0
104,7,5,0,2
105,9,1,7,1
106,5,1,3,0
107,6,4,5,1
108,5,5,8,1
109,1,1,2,0
110,6,3,5,3
111,7,6,5,4
112,7,2,6,2
113,6,4,2,4
114,3,2,0,0
115,7,3,6,1
116,3,2,5,0
117,1,1,10,1
118,9,1,8,1
119,1,3,5,3
120,2,5,8,3
121,5,2,9,1
122,1,5,6,5
123,8,1,0,0
124,4,4,1,2
125,10,4,7,0
126,2,3,4,3
127,7,2,3,2
128,7,3,1,0
129,8,3,2,0
130,2,3,1,0
131,6,2,0,2
132,1,6,2,3
133,4,4,10,3
134,5,3,5,0
135,4,1,5,1
136,8,4,5,0
137,6,5,10,4
138,2,2,0,0
139,1,1,0,0
140,6,6,9,3
141,3,5,9,3
142,10,4,8,1
143,5,2,2,0
144,1,5,8,2
145,8,1,2,0
146,4,5,3,4
147,3,2,7,2
148,9,3,8,2
149,2,4,10,0
150,9,4,8,1
151,9,2,5,2
152,7,5,0,5
153,6,5,6,2
154,5,4,3,3
155,6,1,8,1
156,6,5,4,2
157,2,6,1,2
158,8,2,10,2
159,7,1,4,1
160,8,3,7,1
161,5,4,5,4
162,3,4,8,0
163,6,6,4,2
164,10,1,0,0
165,10,4,7,0
166,2,5,2,4
167,1,3,3,3
168,3,4,9,4
169,4,5,4,4
170,5,6,3,3
171,9,3,8,1
172,9,6,3,0
173,10,6,4,3
174,6,5,3,4
175,9,5,8,5
176,9,5,7,5
177,10,3,7,3
178,3,1,8,0
179,5,5,10,1
180,6,2,1,2
181,9,4,3,1
182,3,6,5,4
183,5,1,6,0
184,8,4,10,4
185,1,5,5,0
186,4,4,5,2
187,10,3,2,0
188,1,2,9,2
189,5,3,7,1
190,10,5,9,4
191,7,2,5,1
192,8,6,1,1
193,2,5,1,0
194,2,2,7,2
195,1,1,2,1
196,1,3,7,2
197,8,6,2,1
198,6,6,5,5
199,1,3,3,1
200,9,6,6,2
201,5,1,4,1
202,4,1,2,1
203,2,6,3,4
204,6,6,7,4
205,8,3,6,2
206,1,6,6,3
207,4,1,2,1
208,7,3,7,3
209,10,4,8,0
210,9,5,7,0
211,3,6,4,6
212,5,2,2,1
213,2,6,1,3
214,5,6,2,3
215,10,1,2,0
216,6,4,1,1
217,7,1,8,1
218,7,5,8,4
219,8,5,5,0
220,9,3,5,0
221,7,4,8,0
222,4,1,8,0
223,1,4,7,0
224,8,5,5,0
225,5,5,10,5
226,4,6,0,0
227,2,3,9,1
228,5,2,6,2
229,3,5,3,5
230,6,1,0,0
231,8,1,7,1
232,7,4,6,1
233,9,5,2,0
234,1,1,7,1
235,4,5,6,0
236,10,2,9,2
237,10,6,7,4
238,6,4,0,1
239,10,6,6,1
240,8,5,0,4
241,1,6,6,1
242,2,4,8,4
243,1,2,5,1
244,7,4,6,3
245,8,4,6,2
246,9,4,4,1
247,1,3,1,2
248,10,3,1,3
249,8,5,4,2
250,10,1,9,0
251,3,2,9,2
252,3,4,1,1
253,1,1,7,1
254,5,2,7,1
255,8,2,9,2
256,1,2,10,1
257,2,5,8,5
258,4,5,7,2
259,8,3,5,1
260,1,4,3,2
261,3,6,7,0
262,6,5,9,2
263,6,1,4,1
264,4,2,2,1
265,3,6,8,3
266,4,6,3,4
267,6,5,2,4
268,7,2,8,0
269,9,3,5,2
270,6,4,6,2
271,10,4,4,3
272,9,2,0,0
273,4,3,5,0
274,8,2,8,2
275,4,6,6,2
276,9,2,9,0
277,1,5,6,1
278,5,1,6,1
279,6,6,4,5
280,9,2,7,2
281,10,2,7,0
282,4,5,0,5
283,2,3,1,2
284,6,6,9,5
285,8,2,0,0
286,8,3,8,3
287,9,1,2,1
288,4,5,10,2
289,3,6,3,6
290,3,3,9,2
291,8,2,9,2
292,1,5,6,5
293,4,1,3,1
294,7,4,6,1
295,6,2,3,2
296,7,2,9,2
297,6,5,4,2
298,8,5,7,4
299,4,3,2,3
300,6,4,5,1
301,2,1,1,1
302,1,6,1,1
303,1,3,3,1
304,1,2,2,1
305,6,2,7,2
306,1,5,7,5
307,4,3,1,3
308,4,5,8,3
309,8,2,2,1
310,5,5,0,3
311,7,5,9,5
312,5,4,8,4
313,8,4,2,1
314,5,2,4,0
315,6,3,8,2
316,9,4,7,2
317,5,5,7,5
318,5,1,1,0
319,2,4,4,4
320,3,2,1,1
321,8,1,8,1
322,10,5,8,0
323,6,2,9,1
324,5,5,5,0
325,9,1,8,1
326,9,2,1,2
327,5,5,7,2
328,7,5,10,0
329,6,1,3,1
330,8,3,8,0
331,10,5,2,5
332,9,1,3,0
333,10,4,7,3
334,9,1,3,0
335,10,6,9,6
336,8,3,3,3
337,5,6,7,3
338,9,2,5,0
339,2,4,10,0
340,7,6,8,6
341,6,4,4,1
342,6,3,4,2
343,5,5,10,2
344,7,2,1,2
345,7,5,10,3
346,6,1,6,1
347,9,1,4,1
348,7,4,1,4
349,6,5,7,1
350,5,3,9,0
351,8,1,2,0
352,9,6,8,5
353,7,1,8,0
354,6,1,6,1
355,1,6,0,1
356,9,4,7,3
357,3,6,1,2
358,2,5,2,2
359,8,1,4,0
360,7,2,3,1
361,7,5,1,2
362,3,5,0,4
363,5,1,5,1
364,5,6,1,2
365,4,4,2,4
366,4,6,8,3
367,9,1,2,1
368,9,1,6,0
369,8,1,10,1
370,2,5,10,3
371,9,5,6,1
372,4,2,6,1
373,5,1,9,0
374,6,2,0,0
375,1,3,4,3
376,1,1,3,0
377,4,4,7,2
378,7,2,4,0
379,4,1,6,0
380,9,4,7,4
381,2,5,9,1
382,1,1,3,1
383,2,5,4,5
384,2,4,6,2
385,8,4,7,3
386,2,6,2,6
387,8,2,6,1
388,5,5,1,0
389,1,3,5,0
390,8,4,7,3
391,7,2,3,0
392,1,2,0,1
393,1,3,8,0
394,8,2,0,1
395,10,3,0,1
396,3,4,1,4
397,1,2,9,0
398,2,5,4,1
399,7,5,8,2
400,6,2,1,0
401,4,2,4,0
402,3,4,10,0
403,8,2,8,0
404,9,3,1,0
405,5,1,1,0
406,10,5,5,1
407,6,4,2,2
408,10,2,0,0
409,3,3,9,2
410,1,4,6,1
411,9,3,1,2
412,8,4,7,2
413,7,1,0,0
414,1,3,7,2
415,4,6,7,5
416,7,4,9,2
417,5,5,7,3
418,7,6,8,1
419,2,4,10,2
420,5,4,7,4
421,3,2,9,1
422,6,5,9,5
423,1,3,4,3
424,7,6,3,4
425,5,4,0,4
426,7,6,1,4
427,5,4,5,4
428,1,2,8,0
429,6,5,1,1
430,2,3,6,2
431,1,4,9,3
432,1,2,3,0
433,7,6,7,4
434,2,6,4,2
435,9,6,3,0
436,1,5,4,4
437,2,5,9,3
438,8,1,7,1
439,4,3,0,0
440,2,4,3,2
441,10,3,4,2
442,1,1,0,1
443,1,2,3,0
444,1,3,0,2
445,3,5,10,0
446,5,1,7,0
447,4,3,2,1
448,10,3,1,0
449,2,6,10,4
450,4,4,1,2
451,4,1,10,0
452,9,3,7,1
453,1,3,8,0
454,7,1,5,0
455,1,2,4,1
456,6,3,6,2
457,6,1,0,1
458,1,2,8,2
459,3,5,5,2
460,1,1,1,0
461,6,6,5,0
462,10,5,4,2
463,4,1,6,0
464,6,4,0,1
465,2,1,2,1
466,7,5,2,5
467,3,4,9,4
468,4,1,7,1
469,3,1,0,0
470,4,3,9,2
471,8,2,7,1
472,3,1,3,0
473,8,1,3,0
474,10,4,1,4
475,3,4,9,2
476,7,5,4,4
477,2,4,4,1
478,6,2,10,2
479,9,4,2,2
480,4,4,4,0
481,4,1,3,0
482,5,5,3,3
483,8,5,3,0
484,10,1,3,1
485,9,3,8,0
486,6,4,1,0
487,1,6,8,5
488,5,3,4,1
489,8,1,2,1
490,9,2,0,1
491,1,3,6,1
492,10,1,6,0
493,2,3,3,0
494,4,4,1,1
495,6,4,5,4
496,4,6,4,2
497,1,5,1,4
498,10,2,10,0
499,4,6,10,6
500,2,3,2,2
501,5,5,5,0
502,7,6,6,6
503,10,5,8,4
504,5,5,7,2
505,5,1,6,0
506,7,2,8,2
507,6,5,4,2
508,10,6,1,0
509,4,3,9,1
510,2,3,5,2
511,2,2,7,2
512,5,1,10,0
513,6,5,8,5
514,9,3,6,1
515,8,4,9,4
516,3,5,7,1
517,7,5,1,3
518,6,3,9,3
519,6,1,10,1
520,4,5,3,0
521,5,6,5,6
522,3,4,1,2
523,4,2,3,1
524,5,2,9,0
525,3,1,5,0
526,9,5,6,0
527,5,5,6,5
528,6,6,5,5
529,1,1,3,1
530,5,3,7,0
531,7,1,1,0
532,9,2,1,0
533,6,1,1,0
534,7,1,8,1
535,4,2,2,2
536,4,4,2,3
537,9,2,0,1
538,3,4,7,4
539,2,3,6,2
540,3,5,3,2
541,1,2,5,1
542,1,4,2,0
543,2,3,4,2
544,10,4,8,1
545,2,1,0,1
546,3,5,9,0
547,7,6,0,6
548,3,4,0,3
549,6,5,8,1
550,8,1,2,1
551,10,4,7,1
552,3,5,9,5
553,5,1,2,1
554,2,5,8,4
555,5,5,5,1
556,1,2,2,2
557,3,1,10,1
558,5,5,2,4
559,4,1,0,1
560,1,6,1,4
561,5,2,4,1
562,8,6,3,5
563,2,2,9,0
564,9,4,8,0
565,8,3,10,3
566,8,2,9,2
567,2,2,8,1
568,8,4,2,2
569,2,1,2,1
570,6,4,6,3
571,5,2,3,1
572,6,2,8,1
573,10,1,10,1
574,5,3,5,2
575,7,5,6,1
576,4,4,0,0
577,10,5,0,0
578,1,2,4,2
579,7,4,8,4
580,4,1,10,0
581,3,6,0,2
582,6,6,4,1
583,1,1,2,1
584,8,6,8,6
585,4,4,4,4
586,8,2,8,2
587,8,6,8,5
588,5,1,5,1
589,1,6,5,1
590,3,4,2,2
591,9,2,9,2
592,3,6,4,1
593,2,6,1,2
594,3,6,9,4
595,1,5,6,3
596,8,5,9,3
597,6,6,5,3
598,5,3,1,0
599,5,1,5,1
600,2,5,6,5
601,1,2,10,0
602,6,3,5,0
603,3,6,4,1
604,10,1,3,0
605,10,6,1,4
606,7,4,3,4
607,2,6,4,6
608,9,3,10,2
609,1,3,1,2
610,1,4,7,1
611,6,6,5,6
612,4,4,2,2
613,4,6,9,3
614,7,2,4,1
615,6,3,0,2
616,1,3,8,2
617,4,4,7,0
618,8,3,8,3
619,2,3,6,0
620,8,5,7,2
621,8,4,5,2
622,4,1,7,0
623,5,3,4,2
624,10,3,9,2
625,4,1,0,1
626,3,3,4,3
627,5,1,5,0
628,2,1,10,0
629,4,4,9,3
630,2,2,7,0
631,1,4,0,2
632,8,1,3,0
633,5,4,2,1
634,7,2,10,1
635,4,1,0,0
636,4,6,8,2
637,1,2,9,0
638,7,2,6,0
639,7,5,3,3
640,2,5,7,0
641,9,6,3,6
642,4,3,5,1
643,9,5,2,4
644,7,4,3,1
645,2,3,7,1
646,9,4,2,3
647,9,3,3,2
648,8,1,5,0
649,2,2,7,2
650,4,1,8,0
651,4,5,4,3
652,2,3,5,0
653,5,6,9,1
654,3,6,1,0
655,2,5,10,0
656,4,1,6,1
657,5,5,1,2
658,3,1,6,0
659,4,5,1,3
660,4,3,2,3
661,9,4,0,3
662,3,5,10,2
663,5,5,1,5
664,4,5,9,5
665,6,2,0,1
666,5,5,6,2
667,3,5,3,4
668,7,4,7,0
669,4,2,1,1
670,6,4,6,4
671,8,3,2,2
672,4,2,5,1
673,4,3,4,3
674,8,2,1,0
675,6,1,10,1
676,1,3,6,2
677,6,6,1,1
678,8,3,8,1
679,7,3,5,0
680,1,4,7,4
681,10,1,6,0
682,8,6,7,3
683,1,4,5,3
684,5,6,6,1
685,7,5,2,2
686,3,2,0,1
687,2,2,1,0
688,8,2,7,2
689,3,6,8,3
690,1,4,3,1
691,4,5,4,4
692,7,6,1,4
693,5,4,5,0
694,9,1,9,1
695,2,4,9,1
696,8,3,4,3
697,7,6,2,5
698,3,6,8,1
699,4,6,7,1
700,4,2,10,0
701,5,5,7,2
702,10,4,10,4
703,3,2,3,0
704,4,6,3,3
705,2,2,7,2
706,9,3,9,2
707,2,2,2,2
708,1,3,10,3
709,10,5,3,4
710,2,5,6,1
711,8,5,4,5
712,10,4,10,3
713,8,5,4,2
714,6,3,8,2
715,3,3,6,3
716,10,1,8,1
717,5,6,6,4
718,1,4,1,2
719,4,2,2,0
720,4,4,2,3
721,4,4,8,0
722,2,1,6,0
723,8,6,5,4
724,6,2,7,1
725,2,5,6,2
726,2,1,2,0
727,7,5,7,4
728,1,4,2,0
729,6,5,3,2
730,2,4,4,4
731,5,5,6,0
732,9,4,2,3
733,4,4,3,3
734,8,1,10,0
735,7,2,8,0
736,9,1,4,0
737,5,4,7,4
738,9,6,7,5
739,1,6,2,2
740,5,1,5,0
741,10,1,9,0
742,5,3,6,1
743,8,4,0,1
744,6,1,2,0
745,3,3,6,3
746,3,1,6,1
747,6,2,3,2
748,6,4,1,1
749,8,3,0,2
750,10,5,0,3
751,8,3,8,2
752,7,3,7,0
753,3,4,0,4
754,3,4,2,4
755,4,3,3,0
756,4,2,0,1
757,2,4,5,4
758,8,6,2,3
759,4,4,1,1
760,7,6,7,1
761,2,4,0,1
762,2,1,10,1
763,2,6,0,0
764,4,2,3,0
765,7,3,5,0
766,7,5,9,5
767,3,4,6,4
768,9,4,2,3
769,7,5,0,4
770,2,5,1,3
771,1,1,6,1
772,1,6,2,4
773,8,4,10,0
774,5,6,1,2
775,2,5,6,2
776,7,5,1,2
777,8,1,4,0
778,4,6,4,4
779,8,2,8,2
780,7,3,6,0
781,5,2,10,1
782,8,4,2,1
783,9,5,10,4
784,9,1,0,1
785,1,1,8,1
786,8,4,1,3
787,3,4,7,0
788,2,3,10,2
789,6,3,6,3
790,6,5,4,2
791,2,5,9,3
792,6,4,1,3
793,7,1,8,1
794,2,5,10,3
795,1,6,3,4
796,3,5,5,1
797,1,5,5,5
798,10,1,6,0
799,10,4,1,2
800,9,1,1,1
801,3,2,6,1
802,7,5,6,5
803,8,2,1,0
804,3,1,2,1
805,1,6,5,5
806,5,4,3,1
807,1,4,6,4
808,5,5,0,5
809,1,6,3,5
810,3,1,10,1
811,5,6,1,4
812,9,6,8,1
813,2,4,8,0
814,3,2,7,0
815,7,1,1,0
816,9,5,8,3
817,2,6,3,0
818,2,2,10,2
819,10,4,1,0
820,7,5,2,3
821,3,5,2,2
822,4,1,0,0
823,4,3,6,3
824,3,6,6,2
825,2,1,8,0
826,2,1,3,0
827,7,3,4,3
828,10,6,2,4
829,8,2,4,2
830,4,5,0,1
831,1,6,2,6
832,1,3,6,2
833,9,4,10,0
834,2,3,7,0
835,5,5,3,1
836,8,4,9,3
837,2,5,1,2
838,7,4,9,1
839,5,6,1,5
840,5,6,10,0
841,9,1,4,0
842,9,4,1,3
843,9,4,8,4
844,10,3,7,2
845,6,1,2,1
846,3,2,10,1
847,7,5,9,2
848,7,6,5,1
849,9,4,9,1
850,6,6,0,2
851,6,2,10,1
852,9,3,9,3
853,6,4,7,0
854,7,4,6,4
855,3,5,9,0
856,2,4,10,0
857,9,1,9,1
858,3,1,9,1
859,9,2,10,0
860,8,4,5,4
861,2,6,0,6
862,1,3,9,1
863,7,6,10,3
864,3,1,4,1
865,9,4,6,3
866,3,5,10,4
867,3,4,6,0
868,2,2,2,2
869,8,6,10,1
870,9,4,2,2
871,7,3,2,0
872,3,1,1,0
873,5,6,3,5
874,1,6,10,5
875,5,5,8,0
876,5,5,6,3
877,9,4,9,0
878,8,6,9,0
879,10,4,6,4
880,10,6,8,0
881,7,6,4,3
882,10,3,1,3
883,2,4,10,1
884,6,5,1,5
885,9,1,8,0
886,10,3,7,0
887,4,6,3,6
888,4,6,3,1
889,9,4,4,1
890,9,6,7,1
891,10,5,3,4
892,8,4,5,1
893,9,2,1,2
894,3,2,6,2
895,2,2,0,1
896,9,5,7,2
897,3,4,9,0
898,2,1,5,0
899,9,2,8,2
900,6,5,6,3
901,3,4,4,4
902,8,1,10,0
903,10,2,4,0
904,6,3,4,3
905,10,2,7,2
906,5,4,3,4
907,10,5,3,1
908,1,6,7,0
909,2,2,2,0
910,10,4,5,3
911,7,4,4,3
912,4,6,7,3
913,8,5,6,3
914,4,4,9,0
915,5,2,0,0
916,6,4,7,3
917,3,5,5,5
918,9,3,6,1
919,10,5,8,0
920,9,5,4,5
921,5,1,1,0
922,10,1,9,1
923,10,2,8,1
924,8,5,4,1
925,6,2,9,0
926,7,5,9,3
927,1,1,8,0
928,9,1,4,0
929,2,6,1,2
930,4,2,5,0
931,6,1,2,0
932,2,2,6,2
933,9,3,1,3
934,3,2,3,0
935,4,6,0,6
936,4,5,8,3
937,4,5,7,0
938,7,5,3,0
939,1,6,4,5
940,3,6,5,3
941,8,3,2,0
942,3,1,2,1
943,6,2,10,1
944,2,3,0,0
945,3,4,10,2
946,7,6,4,3
947,1,5,3,1
948,7,5,10,0
949,4,5,10,2
950,3,4,9,3
951,1,3,6,3
952,1,1,0,0
953,8,6,2,2
954,6,3,5,3
955,4,3,2,3
956,8,5,5,1
957,3,5,5,3
958,2,5,6,2
959,1,3,0,0
960,3,1,3,0
961,4,3,4,2
962,7,6,8,4
963,1,4,8,1
964,2,4,6,0
965,5,6,1,1
966,5,4,4,4
967,1,4,3,1
968,4,3,0,3
969,8,3,6,0
970,6,3,6,1
971,6,3,10,3
972,8,3,3,3
973,2,1,10,1
974,3,4,7,0
975,10,4,3,3
976,1,4,1,3
977,10,5,10,2
978,4,3,8,0
979,2,5,7,0
980,1,5,0,0
981,8,4,2,3
982,9,3,8,2
983,5,6,9,2
984,3,2,4,1
985,2,2,1,1
986,1,3,1,2
987,2,4,3,1
988,2,2,6,2
989,9,2,2,1
990,8,2,8,2
991,4,4,6,2
992,8,6,8,0
993,8,3,7,3
994,5,4,10,0
995,10,1,10,0
996,3,5,4,4
997,6,2,2,0
998,1,2,8,1
999,2,1,1,1
1000,7,4,8,4
1001,2,4,2,0
1002,10,6,6,6
1003,1,5,3,0
1004,2,2,10,1
1005,9,2,10,1
1006,3,3,1,2
1007,5,2,1,1
1008,6,6,0,6
1009,10,6,6,6
1010,6,2,2,2
1011,6,3,3,3
1012,8,3,5,0
1013,8,4,3,0
1014,6,2,8,1
1015,3,5,10,2
1016,3,1,1,0
1017,5,1,2,1
1018,9,2,1,0
1019,4,3,8,3
1020,7,5,1,1
1021,3,1,5,1
1022,5,2,7,0
1023,1,5,9,5
1024,5,5,0,5
1025,3,3,2,0
1026,8,3,2,3
1027,4,6,10,6
1028,1,4,1,4
1029,4,2,10,0
1030,6,3,5,0
1031,6,4,10,2
1032,1,3,5,0
1033,10,4,2,4
1034,6,5,5,0
1035,7,4,2,3
1036,4,5,7,4
1037,9,2,4,0
1038,3,1,10,0
1039,2,6,0,5
1040,3,4,10,0
1041,1,6,4,1
1042,2,1,10,1
1043,10,3,4,1
1044,4,4,3,0
1045,5,3,4,1
1046,6,1,2,0
1047,10,6,10,3
1048,10,6,5,2
1049,5,3,3,3
1050,3,4,10,3
1051,7,3,3,0
1052,10,6,1,3
1053,1,1,7,1
1054,9,2,1,0
1055,6,6,0,2
1056,1,5,9,3
1057,5,2,2,2
1058,7,2,7,2
1059,6,5,0,5
1060,10,1,8,0
1061,1,1,6,0
1062,8,4,1,4
1063,5,1,8,1
1064,10,6,10,1
1065,8,6,4,1
1066,2,3,8,2
1067,10,2,5,1
1068,10,5,3,0
1069,9,2,4,0
1070,7,6,4,3
1071,9,4,5,0
1072,6,1,10,0
1073,10,4,5,3
1074,1,6,9,1
1075,5,4,9,1
1076,10,1,5,1
1077,3,2,3,1
1078,7,6,7,3
1079,2,4,10,3
1080,1,5,1,2
1081,5,1,4,0
1082,2,4,2,1
1083,2,3,10,3
1084,9,4,10,4
1085,8,4,6,4
1086,3,2,5,0
1087,9,5,3,3
1088,8,3,2,1
1089,3,5,7,0
1090,3,2,0,2
1091,6,5,6,4
1092,7,3,5,1
1093,2,6,3,5
1094,3,2,7,2
1095,8,4,0,2
1096,4,2,6,2
1097,7,1,5,1
1098,4,1,2,0
1099,2,6,3,6
1100,8,5,10,2
1101,6,5,9,1
1102,7,2,6,2
1103,2,3,2,0
1104,7,1,6,1
1105,7,3,3,1
1106,2,3,7,3
1107,10,2,7,0
1108,5,3,8,0
1109,5,6,3,4
1110,6,6,9,3
1111,2,6,9,2
1112,9,1,5,0
1113,6,4,8,0
1114,6,3,1,2
1115,2,4,9,0
1116,4,6,2,4
1117,9,3,2,2
1118,4,4,6,2
1119,4,2,9,0
1120,6,4,5,0
1121,4,3,5,2
1122,6,1,0,1
1123,1,4,4,0
1124,9,2,5,0
1125,7,6,0,3
1126,9,1,4,0
1127,1,2,3,2
1128,9,3,8,3
1129,7,2,9,1
1130,4,5,5,0
1131,5,5,3,0
1132,4,3,4,3
1133,2,2,9,0
1134,8,4,2,3
1135,4,4,10,4
1136,2,2,6,1
1137,1,5,5,2
1138,6,4,7,1
1139,3,4,1,2
1140,6,1,9,1
1141,8,2,0,2
1142,6,4,9,2
1143,2,3,8,0
1144,3,4,8,0
1145,6,1,0,1
1146,5,4,7,0
1147,3,2,0,1
1148,7,2,0,1
1149,5,5,4,3
1150,4,2,6,2
1151,9,6,10,6
1152,6,1,7,0
1153,10,2,7,0
1154,6,1,1,0
1155,9,3,0,1
1156,1,5,8,4
1157,3,3,5,0
1158,8,3,9,2
1159,6,6,0,1
1160,5,3,6,1
1161,5,3,0,2
1162,5,3,9,3
1163,10,3,3,0
1164,2,6,4,0
1165,5,5,9,1
1166,2,5,6,1
1167,1,2,9,1
1168,6,5,5,5
1169,4,2,10,2
1170,3,6,0,5
1171,4,3,7,3
1172,4,1,0,1
1173,10,2,3,0
1174,10,4,10,4
1175,7,1,7,0
1176,4,3,6,3
1177,1,5,8,4
1178,4,1,4,1
1179,1,3,10,1
1180,5,1,5,0
1181,7,2,9,2
1182,4,4,2,2
1183,1,4,1,3
1184,1,5,10,4
1185,2,2,0,1
1186,8,4,6,3
1187,5,3,3,3
1188,1,5,8,0
1189,5,4,10,4
1190,9,1,4,1
1191,9,1,5,1
1192,10,5,5,2
1193,5,2,5,0
1194,2,3,2,1
1195,7,3,7,3
1196,1,1,10,0
1197,9,6,5,3
1198,4,5,6,4
1199,3,6,7,2
1200,4,4,7,2
1201,1,2,5,1
1202,3,5,10,2
1203,6,5,4,1
1204,9,5,5,0
1205,3,6,9,0
1206,3,5,1,3
1207,3,6,8,5
1208,7,1,6,0
1209,2,6,6,5
1210,5,6,7,2
1211,1,6,3,5
1212,3,1,5,1
1213,5,2,9,0
1214,8,2,10,0
1215,2,1,0,0
1216,7,5,5,4
1217,1,1,10,1
1218,8,3,4,1
1219,9,4,3,3
1220,2,5,0,2
1221,9,2,8,0
1222,10,6,3,2
1223,5,3,0,2
1224,4,3,2,2
1225,10,4,6,4
1226,7,6,2,2
1227,3,4,6,2
1228,1,2,0,0
1229,2,4,5,0
1230,5,4,1,4
1231,5,3,1,1
1232,9,2,3,1
1233,9,6,10,0
1234,7,4,4,1
1235,9,1,3,1
1236,8,5,1,0
1237,8,3,0,1
1238,9,2,6,0
1239,4,1,7,0
1240,8,2,6,2
1241,2,1,2,0
1242,1,5,4,3
1243,4,3,5,3
1244,3,4,2,1
1245,7,4,7,1
1246,5,3,2,0
1247,10,4,7,3
1248,8,1,3,0
1249,7,3,0,0
1250,7,4,9,2
1251,9,3,8,1
1252,5,4,4,3
1253,10,2,5,2
1254,5,1,2,0
1255,9,3,10,3
1256,1,3,1,1
1257,5,4,5,4
1258,1,1,0,1
1259,8,5,0,3
1260,6,4,9,3
1261,3,6,5,6
1262,2,5,9,0
1263,4,3,2,0
1264,6,6,3,0
1265,7,3,4,1
1266,9,5,6,5
1267,4,6,5,1
1268,7,2,5,1
1269,4,5,0,5
1270,8,3,4,1
1271,2,3,5,2
1272,1,1,6,1
1273,2,1,7,0
1274,9,5,1,2
1275,2,2,7,1
1276,4,6,6,6
1277,1,5,8,1
1278,4,1,0,1
1279,1,3,3,2
1280,7,5,5,5
1281,7,6,0,1
1282,10,5,0,3
1283,8,3,5,1
1284,1,3,1,2
1285,5,6,7,2
1286,6,1,10,0
1287,1,5,0,1
1288,4,5,5,3
1289,9,2,5,0
1290,1,4,5,2
1291,9,6,7,2
1292,9,1,1,0
1293,6,1,10,1
1294,10,1,0,1
1295,6,2,8,2
1296,1,2,10,1
1297,3,5,0,0
1298,10,1,4,0
1299,7,5,9,2
1300,3,2,8,2
1301,8,1,6,1
1302,2,6,5,5
1303,1,2,7,1
1304,8,3,1,0
1305,2,6,0,3
1306,1,2,2,1
1307,2,6,2,4
1308,10,2,1,0
1309,5,2,2,0
1310,5,6,1,2
1311,6,1,0,1
1312,6,1,10,0
1313,6,4,4,2
1314,7,4,9,0
1315,6,4,4,1
1316,10,6,1,0
1317,2,5,4,4
1318,3,4,7,2
1319,3,1,10,0
1320,6,4,9,2
1321,9,6,8,5
1322,6,6,1,1
1323,2,6,3,3
1324,5,6,0,6
1325,9,2,10,1
1326,6,5,1,5
1327,10,4,6,0
1328,2,2,2,2
1329,7,4,7,4
1330,5,6,7,4
1331,5,6,3,3
1332,1,6,7,6
1333,5,1,9,1
1334,3,3,5,2
1335,1,5,5,0
1336,6,2,8,1
1337,9,5,2,1
1338,10,4,3,4
1339,4,4,7,2
1340,2,4,1,0
1341,2,2,0,2
1342,3,5,1,2
1343,8,6,7,2
1344,9,1,3,0
1345,9,6,3,5
1346,6,1,5,1
1347,1,3,3,3
1348,6,1,9,0
1349,4,5,8,3
1350,8,1,1,0
1351,1,4,10,2
1352,5,1,0,0
1353,5,1,1,0
1354,1,5,4,5
1355,3,5,0,3
1356,4,3,4,2
1357,2,2,10,2
1358,5,3,1,2
1359,6,2,9,0
1360,1,2,2,0
1361,4,2,0,2
1362,2,4,7,0
1363,3,6,5,0
1364,4,6,8,0
1365,10,3,1,2
1366,9,6,6,5
1367,6,2,0,0
1368,9,3,7,3
1369,6,5,7,0
1370,3,5,8,1
1371,3,6,0,3
1372,5,5,10,2
1373,1,4,7,2
1374,10,5,1,0
1375,1,3,4,2
1376,4,1,4,0
1377,7,2,7,1
1378,2,1,4,1
1379,6,2,5,0
1380,9,3,9,2
1381,6,5,7,1
1382,3,6,6,6
1383,3,2,2,0
1384,7,2,7,1
1385,3,4,10,1
1386,3,4,2,3
1387,5,2,4,2
1388,4,3,9,3
1389,7,2,10,1
1390,2,1,0,0
1391,10,6,0,1
1392,2,4,0,4
1393,9,1,0,1
1394,3,4,8,2
1395,7,1,7,0
1396,3,6,3,3
1397,9,1,7,0
1398,8,6,7,4
1399,3,1,9,1
1400,8,6,3,4
1401,9,3,4,0
1402,3,3,3,1
1403,10,2,10,1
1404,5,2,3,2
1405,6,3,7,3
1406,10,6,4,2
1407,6,2,2,2
1408,8,3,8,3
1409,9,1,3,0
1410,8,6,6,2
1411,4,4,0,1
1412,2,6,4,3
1413,3,5,8,4
1414,5,2,8,2
1415,3,2,2,1
1416,8,4,6,3
1417,7,4,5,2
1418,7,4,0,2
1419,5,1,1,0
1420,3,3,1,0
1421,1,3,6,2
1422,9,6,5,4
1423,6,2,4,1
1424,2,1,7,0
1425,8,4,0,0
1426,4,3,0,0
1427,7,4,8,1
1428,3,4,0,0
1429,5,6,0,4
1430,4,5,2,2
1431,1,5,5,5
1432,2,2,10,0
1433,9,4,0,4
1434,5,3,6,2
1435,1,2,2,2
1436,7,2,2,0
1437,3,6,0,3
1438,9,2,8,2
1439,2,4,1,3
1440,4,3,10,1
1441,3,5,10,4
1442,10,4,8,4
1443,3,5,6,2
1444,2,3,3,0
1445,6,5,2,5
1446,7,4,8,2
1447,8,1,9,0
1448,1,5,10,5
1449,6,6,0,5
1450,10,4,8,1
1451,6,5,7,4
1452,5,3,1,1
1453,2,1,3,1
1454,8,6,4,4
1455,7,6,9,3
1456,7,5,5,4
1457,10,6,2,3
1458,6,3,1,1
1459,8,6,4,5
1460,9,6,8,4
1461,6,1,4,1
1462,10,1,10,1
1463,9,2,3,2
1464,1,4,0,0
1465,5,1,5,0
1466,4,2,1,0
1467,9,4,9,1
1468,9,5,5,0
1469,2,3,2,3
1470,6,5,3,5
1471,1,1,0,1
1472,9,6,9,5
1473,8,3,2,2
1474,3,6,3,4
1475,7,6,6,3
1476,2,4,3,0
1477,2,1,7,0
1478,1,4,0,2
1479,7,1,4,0
1480,1,4,8,4
1481,10,3,5,3
1482,4,3,8,0
1483,8,1,7,1
1484,4,3,10,1
1485,10,3,3,3
1486,3,3,6,2
1487,9,3,4,2
1488,8,4,7,3
1489,8,5,7,3
1490,10,6,7,2
1491,5,6,10,0
1492,2,6,10,3
1493,2,5,4,0
1494,7,3,3,0
1495,3,1,8,0
1496,3,6,6,0
1497,3,5,3,0
1498,8,1,3,1
1499,8,5,3,0
